URL,Title,Flair,Created at
https://www.reddit.com/r/india/comments/fwmb4x/we_indians_are_so_much_curious_first_photoshop_an/,We Indians are so much curious ;) . First Photoshop an image and then clarify an image :),Photography,2020-04-08 02:05:59.410895
https   www reddit com r india comments fwewf8 jamia_professor_suspended_for_failing_15 ,Jamia Professor  Suspended For  Failing 15 Non Muslim Students   Didn t Fail Even One,Politics,2020-04-08 02:09:26.178206
httpswwwredditcomrindiacommentsfxofyuwhy_does_the_government_come_with_a_begging_bowl,Whydoesthegovernmentcomewithabeggingbowlduringeverycrisis,Policy/Economy,2020-04-10 02:19:54.199320
httpswwwredditcomrindiacommentsfxsnkocant_let_anyone_murder_shaktimaan_as_ekta_kapoor,CantLetAnyoneMurderShaktimaanAsEktaKapoorMurderedMahabharatMukeshKhanna,Politics,2020-04-10 02:27:50.889968
httpswwwredditcomrindiacommentsfxqs41hyderabad_store_refuses_two_manipuri_men_entry,HyderabadStoreRefusesTwoManipuriMenEntryManagerDetained,Sports,2020-04-10 02:29:29.289769
httpswwwredditcomrindiacommentsfxq3g9urgent_please_help,Urgentpleasehelp,Food,2020-04-10 02:30:30.928507
httpswwwredditcomrindiacommentsfxaitywaiting_for_such_an_address_by_the_pm,WaitingforsuchanaddressbythePM,Coronavirus,2020-04-10 02:31:29.124001
httpswwwredditcomrindiacommentsfxvos0i_recharged_on_airtel_for_379_rs_pack_and_i_didnt,IrechargedonAirtelfor379RspackandIdidntgetunlimitedtalktimeasmentionedinpackNocustomercareexecutivesareavailabletopickcallsorreplytoemailsHelp,Non-Political,2020-04-10 02:32:08.666211
httpswwwredditcomrindiacommentsfxnxqg25_retailers_may_be_out_of_business_after,25RetailersMayBeOutofBusinessAfterLockdownRetailersAssociationofIndia,Business/Finance,2020-04-10 02:33:28.611865
httpswwwredditcomrindiacommentsfxqhcnvideo_karnataka_panchayat_bans_and_ostracises,VideoKarnatakapanchayatbansandostracisesMuslimsoverCOVID19stigma,Photography,2020-04-10 02:33:57.727529
httpswwwredditcomrindiacommentsfy5awrit_took_a_village_to_rescue_this_woman_from,ItTookAVillageToRescueThisWomanFromDetention,Photography,2020-04-10 11:38:14.253519
httpswwwredditcomrindiacommentsfxu3gnmisc_do_any_young_indians_even_watch_this,MISCDoanyyoungIndiansevenwatchthisobnoxioussitcomcrap,Sports,2020-04-10 11:39:22.163208
httpswwwredditcomrindiacommentsfy91njwhat_is_the_standard_news_source_in_india,WhatisthestandardnewssourceinIndia,Non-Political,2020-04-10 11:40:26.936774
httpswwwredditcomrindiacommentsfxu7l9rant_a_list_of_people_i_want_to_say_fu_to_but_cant,RANTAlistofpeopleIwanttosayFUtobutcant,Sports,2020-04-10 11:41:04.026562
httpswwwredditcomrindiacommentsfy87tmtata_companies_told_to_conserve_cash_go_slow_on,Tatacompaniestoldtoconservecashgoslowoncapex,Business/Finance,2020-04-10 11:41:44.652354
httpswwwredditcomrindiacommentsfxtlfdwhat_to_do_if_some_shopkeepers_in_my_area_are,WhattodoifsomeshopkeepersinmyareaaresellingproductsatpricesaboveMRPinthispandemic,Food,2020-04-10 11:42:05.972717
httpswwwredditcomrindiacommentsfxuehowhy_are_softdrinks_essential_products_when_it,Whyaresoftdrinksessentialproductswhenitcausescomparabledamageascigarettesandalcohol,Food,2020-04-10 11:42:41.505629
httpswwwredditcomrindiacommentsfxtn7gshabebaraat_mubarak_to_everyone_please_refrain,ShabEBaraatMubaraktoeveryonepleaserefrainfromgoingoutsideandcompleteallyourprayerswhilestayinginyourhousePrayfortheprotectionofeveryonefromthisdeadlyillnessAlsoprayforthespeedyrecoveryofpeoplewhohavebeenaffectedbythis,AskIndia,2020-04-10 11:49:15.763557
httpswwwredditcomrindiacommentsfxtn7gshabebaraat_mubarak_to_everyone_please_refrain,ShabEBaraatMubaraktoeveryonepleaserefrainfromgoingoutsideandcompleteallyourprayerswhilestayinginyourhousePrayfortheprotectionofeveryonefromthisdeadlyillnessAlsoprayforthespeedyrecoveryofpeoplewhohavebeenaffectedbythis,AskIndia,2020-04-10 11:50:24.284995
httpswwwredditcomrindiacommentsfxtn7gshabebaraat_mubarak_to_everyone_please_refrain,ShabEBaraatMubaraktoeveryonepleaserefrainfromgoingoutsideandcompleteallyourprayerswhilestayinginyourhousePrayfortheprotectionofeveryonefromthisdeadlyillnessAlsoprayforthespeedyrecoveryofpeoplewhohavebeenaffectedbythis,AskIndia,2020-04-10 11:50:59.564893
httpswwwredditcomrindiacommentsfy9lcdharyana_doubles_salaries_of_frontline_health,Haryanadoublessalariesoffrontlinehealthdepartmentstaff,Coronavirus,2020-04-10 11:53:33.106888
httpswwwredditcomrindiacommentsfyyx8cthe_wealth_inequality_in_india_is_truly_horrifying,ThewealthinequalityinIndiaistrulyhorrifying,Policy/Economy,2020-04-11 21:11:42.320454
httpswwwredditcomrindiacommentsfz0bqlmp_tiktok_user_samir_khan_who_mocked_face_mask_in,MPTikTokuserSamirKhanwhomockedfacemaskinvideotestspositiveforCoronavirus,Coronavirus,2020-04-11 21:12:54.538928
scienceandtechnology,NotpresentinReddit,Science/Technology,2020-04-12 17:29:16.952878
httpswwwredditcomrindiacommentsfz0bqlmp_tiktok_user_samir_khan_who_mocked_face_mask_in,MPTikTokuserSamirKhanwhomockedfacemaskinvideotestspositiveforCoronavirus,Coronavirus,2020-04-12 17:29:53.933823
http1270018000science20and20technology,NotpresentinReddit,Science/Technology,2020-04-12 17:30:17.215606
httpswwwredditcomrindiacommentsfxtn7gshabebaraat_mubarak_to_everyone_please_refrain,ShabEBaraatMubaraktoeveryonepleaserefrainfromgoingoutsideandcompleteallyourprayerswhilestayinginyourhousePrayfortheprotectionofeveryonefromthisdeadlyillnessAlsoprayforthespeedyrecoveryofpeoplewhohavebeenaffectedbythis,AskIndia,2020-04-12 17:40:25.919715
httpswwwredditcomrindiacommentsfzsh88coronayoddha,CoronaYoddha,Coronavirus,2020-04-12 17:52:11.708554
